id,name,model_id:id,group_id:id,perm_read,perm_write,perm_create,perm_unlink
access_vvti_hrm_1,arul.hr.employee.action.history,green_erp_arulmani_hrm.model_arul_hr_employee_action_history,green_erp_arulmani_hrm.group_vvti_hrm_hr_user,True,True,True,False
access_vvti_hrm_2,hr.employee,green_erp_arulmani_crm.model_hr_employee,green_erp_arulmani_hrm.group_vvti_hrm_hr_user,True,True,True,False
access_vvti_hrm_3,employee.leave,green_erp_arulmani_hrm.model_employee_leave,green_erp_arulmani_hrm.group_vvti_hrm_hr_user,True,True,True,False
access_vvti_hrm_4,hr.qualification.attachment,green_erp_arulmani_crm.model_hr_qualification_attachment,green_erp_arulmani_hrm.group_vvti_hrm_hr_user,True,True,True,False
access_vvti_hrm_5,hr.contract,hr_contract.model_hr_contract,green_erp_arulmani_hrm.group_vvti_hrm_hr_user,True,True,True,False
access_vvti_hrm_7,hr.identities.attachment,green_erp_arulmani_crm.model_hr_identities_attachment,green_erp_arulmani_hrm.group_vvti_hrm_hr_user,True,True,True,False
access_vvti_hrm_8,hr.statutory,green_erp_arulmani_crm.model_hr_statutory,green_erp_arulmani_hrm.group_vvti_hrm_hr_user,True,True,True,False
access_vvti_hrm_9,hr.family,green_erp_arulmani_crm.model_hr_family,green_erp_arulmani_hrm.group_vvti_hrm_hr_user,True,True,True,False
access_vvti_hrm_10,hr.experience,green_erp_arulmani_crm.model_hr_experience,green_erp_arulmani_hrm.group_vvti_hrm_hr_user,True,True,True,False
access_vvti_hrm_11,hr.employee.category,hr.model_hr_employee_category,green_erp_arulmani_hrm.group_vvti_hrm_hr_user,True,True,True,False
access_vvti_hrm_12,hr.employee.sub.category,green_erp_arulmani_crm.model_hr_employee_sub_category,green_erp_arulmani_hrm.group_vvti_hrm_hr_user,True,True,True,False
access_vvti_hrm_13,resource.resource,resource.model_resource_resource,green_erp_arulmani_hrm.group_vvti_hrm_hr_user,True,True,True,False
access_vvti_hrm_14,arul.employee.actions,green_erp_arulmani_hrm.model_arul_employee_actions,green_erp_arulmani_hrm.group_vvti_hrm_hr_user,True,False,False,False
access_vvti_hrm_15,arul.employee.action.type,green_erp_arulmani_hrm.model_arul_employee_action_type,green_erp_arulmani_hrm.group_vvti_hrm_hr_user,True,False,False,False
access_vvti_hrm_16,employee.leave.detail,green_erp_arulmani_hrm.model_employee_leave_detail,green_erp_arulmani_hrm.group_vvti_hrm_hr_user,True,True,True,False
access_vvti_hrm_17,vsis.hr.employee.category,green_erp_arulmani_crm.model_vsis_hr_employee_category,green_erp_arulmani_hrm.group_vvti_hrm_hr_user,True,False,False,False
access_vvti_hrm_18,arul.hr.holiday.special,green_erp_arulmani_hrm.model_arul_hr_holiday_special,green_erp_arulmani_hrm.group_vvti_hrm_hr_user,True,False,False,False
access_vvti_hrm_19,arul.hr.leave.types,green_erp_arulmani_hrm.model_arul_hr_leave_types,green_erp_arulmani_hrm.group_vvti_hrm_hr_user,True,False,False,False
access_vvti_hrm_20,arul.hr.leave.master,green_erp_arulmani_hrm.model_arul_hr_leave_master,green_erp_arulmani_hrm.group_vvti_hrm_hr_user,True,False,False,False
access_vvti_hrm_21,arul.hr.employee.leave.details,green_erp_arulmani_hrm.model_arul_hr_employee_leave_details,green_erp_arulmani_hrm.group_vvti_hrm_hr_user,True,True,True,True
access_vvti_hrm_22,arul.hr.capture.work.shift,green_erp_arulmani_hrm.model_arul_hr_capture_work_shift,green_erp_arulmani_hrm.group_vvti_hrm_hr_user,True,False,False,False
access_vvti_hrm_23,arul.hr.monthly.work.schedule,green_erp_arulmani_hrm.model_arul_hr_monthly_work_schedule,green_erp_arulmani_hrm.group_vvti_hrm_hr_user,True,True,True,False
access_vvti_hrm_24,arul.employee.action.type,green_erp_arulmani_hrm.model_arul_employee_action_type,green_erp_arulmani_hrm.group_vvti_hrm_hr_user,True,False,False,False
access_vvti_hrm_25,arul.employee.actions,green_erp_arulmani_hrm.model_arul_employee_actions,green_erp_arulmani_hrm.group_vvti_hrm_hr_user,True,False,False,False
access_vvti_hrm_26,arul.hr.section,green_erp_arulmani_hrm.model_arul_hr_section,green_erp_arulmani_hrm.group_vvti_hrm_hr_user,True,False,False,False
access_vvti_hrm_27,arul.hr.payroll.area,green_erp_arulmani_hrm.model_arul_hr_payroll_area,green_erp_arulmani_hrm.group_vvti_hrm_hr_user,True,False,False,False
access_vvti_hrm_28,arul.hr.payroll.sub.area,green_erp_arulmani_hrm.model_arul_hr_payroll_sub_area,green_erp_arulmani_hrm.group_vvti_hrm_hr_user,True,False,False,False
access_vvti_hrm_29,hr.plant,green_erp_arulmani_crm.model_hr_plant,green_erp_arulmani_hrm.group_vvti_hrm_hr_user,True,False,False,False
access_vvti_hrm_30,hr.employee.grade,green_erp_arulmani_crm.model_hr_employee_grade,green_erp_arulmani_hrm.group_vvti_hrm_hr_user,True,False,False,False
access_vvti_hrm_31,hr.religion,green_erp_arulmani_crm.model_hr_religion,green_erp_arulmani_hrm.group_vvti_hrm_hr_user,True,False,False,False
access_vvti_hrm_32,arul.hr.monthly.shift.schedule,green_erp_arulmani_hrm.model_arul_hr_monthly_shift_schedule,green_erp_arulmani_hrm.group_vvti_hrm_hr_user,True,True,True,True
access_vvti_hrm_33,arul.hr.permission.onduty,green_erp_arulmani_hrm.model_arul_hr_permission_onduty,green_erp_arulmani_hrm.group_vvti_hrm_hr_user,True,True,True,True
access_vvti_hrm_34,arul.hr.employee.attendence.details,green_erp_arulmani_hrm.model_arul_hr_employee_attendence_details,green_erp_arulmani_hrm.group_vvti_hrm_hr_user,True,True,True,False
access_vvti_hrm_35,arul.hr.punch.in.out.time,green_erp_arulmani_hrm.model_arul_hr_punch_in_out_time,green_erp_arulmani_hrm.group_vvti_hrm_hr_user,True,True,True,False
access_vvti_hrm_36,arul.hr.punch.in.out,green_erp_arulmani_hrm.model_arul_hr_punch_in_out,green_erp_arulmani_hrm.group_vvti_hrm_hr_user,True,True,True,False
access_vvti_hrm_37,food.subsidy,green_erp_arulmani_hrm.model_food_subsidy,green_erp_arulmani_hrm.group_vvti_hrm_hr_user,True,False,False,False
access_vvti_hrm_38,meals.deduction,green_erp_arulmani_hrm.model_meals_deduction,green_erp_arulmani_hrm.group_vvti_hrm_hr_user,True,False,False,False
access_vvti_hrm_39,arul.hr.audit.shift.time,green_erp_arulmani_hrm.model_arul_hr_audit_shift_time,green_erp_arulmani_hrm.group_vvti_hrm_hr_user,True,False,False,False
access_vvti_hrm_40,meals.details,green_erp_arulmani_hrm.model_meals_details,green_erp_arulmani_hrm.group_vvti_hrm_hr_user,True,True,True,False
access_vvti_hrm_41,arul.hr.employee.action.history,green_erp_arulmani_hrm.model_arul_hr_employee_action_history,green_erp_arulmani_hrm.group_vvti_hrm_hr_key_user,True,True,True,False
access_vvti_hrm_42,arul.hr.payroll.earning.parameters,green_erp_arulmani_hrm.model_arul_hr_payroll_earning_parameters,green_erp_arulmani_hrm.group_vvti_hrm_hr_key_user,True,False,False,False
access_vvti_hrm_43,arul.hr.payroll.deduction.parameters,green_erp_arulmani_hrm.model_arul_hr_payroll_deduction_parameters,green_erp_arulmani_hrm.group_vvti_hrm_hr_key_user,True,False,False,False
access_vvti_hrm_44,arul.hr.payroll.structure.configuration,green_erp_arulmani_hrm.model_arul_hr_payroll_structure_configuration,green_erp_arulmani_hrm.group_vvti_hrm_hr_key_user,True,False,False,False
access_vvti_hrm_45,arul.hr.payroll.employee.structure,green_erp_arulmani_hrm.model_arul_hr_payroll_employee_structure,green_erp_arulmani_hrm.group_vvti_hrm_hr_key_user,True,True,True,False
access_vvti_hrm_46,arul.hr.payroll.contribution.parameters,green_erp_arulmani_hrm.model_arul_hr_payroll_contribution_parameters,green_erp_arulmani_hrm.group_vvti_hrm_hr_key_user,True,False,False,False
access_vvti_hrm_47,arul.hr.payroll.earning.structure,green_erp_arulmani_hrm.model_arul_hr_payroll_earning_structure,green_erp_arulmani_hrm.group_vvti_hrm_hr_key_user,True,True,True,True
access_vvti_hrm_48,arul.hr.payroll.other.deductions,green_erp_arulmani_hrm.model_arul_hr_payroll_other_deductions,green_erp_arulmani_hrm.group_vvti_hrm_hr_key_user,True,True,True,True
access_vvti_hrm_223,arul.hr.audit.shift.time,green_erp_arulmani_hrm.model_arul_hr_audit_shift_time,green_erp_arulmani_hrm.group_vvti_hrm_hr_key_user,True,True,True,False
access_vvti_hrm_49,hr.contract,hr_contract.model_hr_contract,green_erp_arulmani_hrm.group_vvti_hrm_time_user,True,True,True,False
access_vvti_hrm_50,hr.employee,green_erp_arulmani_crm.model_hr_employee,green_erp_arulmani_hrm.group_vvti_hrm_time_user,True,False,False,False
access_vvti_hrm_51,hr.employee.category,hr.model_hr_employee_category,green_erp_arulmani_hrm.group_vvti_hrm_time_user,True,True,True,False
access_vvti_hrm_52,hr.employee.sub.category,green_erp_arulmani_crm.model_hr_employee_sub_category,green_erp_arulmani_hrm.group_vvti_hrm_time_user,True,True,True,False
access_vvti_hrm_53,hr.experience,green_erp_arulmani_crm.model_hr_experience,green_erp_arulmani_hrm.group_vvti_hrm_time_user,True,True,True,False
access_vvti_hrm_54,hr.family,green_erp_arulmani_crm.model_hr_family,green_erp_arulmani_hrm.group_vvti_hrm_time_user,True,True,True,False
access_vvti_hrm_56,resource.resource,resource.model_resource_resource,green_erp_arulmani_hrm.group_vvti_hrm_time_user,True,False,False,False
access_vvti_hrm_57,hr.statutory,green_erp_arulmani_crm.model_hr_statutory,green_erp_arulmani_hrm.group_vvti_hrm_time_user,True,True,True,False
access_vvti_hrm_58,arul.employee.action.type,green_erp_arulmani_hrm.model_arul_employee_action_type,green_erp_arulmani_hrm.group_vvti_hrm_time_user,True,False,False,False
access_vvti_hrm_59,arul.employee.actions,green_erp_arulmani_hrm.model_arul_employee_actions,green_erp_arulmani_hrm.group_vvti_hrm_time_user,True,False,False,False
access_vvti_hrm_60,arul.hr.employee.action.history,green_erp_arulmani_hrm.model_arul_hr_employee_action_history,green_erp_arulmani_hrm.group_vvti_hrm_time_user,True,False,False,False
access_vvti_hrm_61,employee.leave,green_erp_arulmani_hrm.model_employee_leave,green_erp_arulmani_hrm.group_vvti_hrm_time_user,True,True,True,False
access_vvti_hrm_62,hr.identities.attachment,green_erp_arulmani_crm.model_hr_identities_attachment,green_erp_arulmani_hrm.group_vvti_hrm_time_user,True,True,True,False
access_vvti_hrm_63,hr.qualification.attachment,green_erp_arulmani_crm.model_hr_qualification_attachment,green_erp_arulmani_hrm.group_vvti_hrm_time_user,True,True,True,False
access_vvti_hrm_64,employee.leave.detail,green_erp_arulmani_hrm.model_employee_leave_detail,green_erp_arulmani_hrm.group_vvti_hrm_time_user,True,True,True,False
access_vvti_hrm_65,vsis.hr.employee.category,green_erp_arulmani_crm.model_vsis_hr_employee_category,green_erp_arulmani_hrm.group_vvti_hrm_time_user,True,False,False,False
access_vvti_hrm_66,arul.hr.holiday.special,green_erp_arulmani_hrm.model_arul_hr_holiday_special,green_erp_arulmani_hrm.group_vvti_hrm_time_user,True,False,False,False
access_vvti_hrm_67,arul.hr.leave.types,green_erp_arulmani_hrm.model_arul_hr_leave_types,green_erp_arulmani_hrm.group_vvti_hrm_time_user,True,False,False,False
access_vvti_hrm_68,arul.hr.leave.master,green_erp_arulmani_hrm.model_arul_hr_leave_master,green_erp_arulmani_hrm.group_vvti_hrm_time_user,True,False,False,False
access_vvti_hrm_69,arul.hr.employee.leave.details,green_erp_arulmani_hrm.model_arul_hr_employee_leave_details,green_erp_arulmani_hrm.group_vvti_hrm_time_user,True,True,True,True
access_vvti_hrm_70,arul.hr.capture.work.shift,green_erp_arulmani_hrm.model_arul_hr_capture_work_shift,green_erp_arulmani_hrm.group_vvti_hrm_time_user,True,False,False,False
access_vvti_hrm_71,arul.hr.monthly.work.schedule,green_erp_arulmani_hrm.model_arul_hr_monthly_work_schedule,green_erp_arulmani_hrm.group_vvti_hrm_time_user,True,True,True,False
access_vvti_hrm_72,arul.hr.section,green_erp_arulmani_hrm.model_arul_hr_section,green_erp_arulmani_hrm.group_vvti_hrm_time_user,True,False,False,False
access_vvti_hrm_73,arul.hr.payroll.sub.area,green_erp_arulmani_hrm.model_arul_hr_payroll_sub_area,green_erp_arulmani_hrm.group_vvti_hrm_time_user,True,False,False,False
access_vvti_hrm_74,arul.hr.payroll.area,green_erp_arulmani_hrm.model_arul_hr_payroll_area,green_erp_arulmani_hrm.group_vvti_hrm_time_user,True,False,False,False
access_vvti_hrm_75,arul.employee.actions,green_erp_arulmani_hrm.model_arul_employee_actions,green_erp_arulmani_hrm.group_vvti_hrm_time_user,True,False,False,False
access_vvti_hrm_76,arul.employee.action.type,green_erp_arulmani_hrm.model_arul_employee_action_type,green_erp_arulmani_hrm.group_vvti_hrm_time_user,True,False,False,False
access_vvti_hrm_77,hr.plant,green_erp_arulmani_crm.model_hr_plant,green_erp_arulmani_hrm.group_vvti_hrm_time_user,True,False,False,False
access_vvti_hrm_78,hr.employee.grade,green_erp_arulmani_crm.model_hr_employee_grade,green_erp_arulmani_hrm.group_vvti_hrm_time_user,True,False,False,False
access_vvti_hrm_79,hr.religion,green_erp_arulmani_crm.model_hr_religion,green_erp_arulmani_hrm.group_vvti_hrm_time_user,True,False,False,False
access_vvti_hrm_80,arul.hr.monthly.shift.schedule,green_erp_arulmani_hrm.model_arul_hr_monthly_shift_schedule,green_erp_arulmani_hrm.group_vvti_hrm_time_user,True,True,True,False
access_vvti_hrm_81,arul.hr.employee.attendence.details,green_erp_arulmani_hrm.model_arul_hr_employee_attendence_details,green_erp_arulmani_hrm.group_vvti_hrm_time_user,True,True,True,False
access_vvti_hrm_82,arul.hr.audit.shift.time,green_erp_arulmani_hrm.model_arul_hr_audit_shift_time,green_erp_arulmani_hrm.group_vvti_hrm_time_user,True,True,True,False
access_vvti_hrm_83,arul.hr.permission.onduty,green_erp_arulmani_hrm.model_arul_hr_permission_onduty,green_erp_arulmani_hrm.group_vvti_hrm_time_user,True,True,True,True
access_vvti_hrm_84,arul.hr.punch.in.out.time,green_erp_arulmani_hrm.model_arul_hr_punch_in_out_time,green_erp_arulmani_hrm.group_vvti_hrm_time_user,True,True,True,False
access_vvti_hrm_85,food.subsidy,green_erp_arulmani_hrm.model_food_subsidy,green_erp_arulmani_hrm.group_vvti_hrm_time_user,True,False,False,False
access_vvti_hrm_86,meals.deduction,green_erp_arulmani_hrm.model_meals_deduction,green_erp_arulmani_hrm.group_vvti_hrm_time_user,True,True,True,True
access_vvti_hrm_87,meals.details,green_erp_arulmani_hrm.model_meals_details,green_erp_arulmani_hrm.group_vvti_hrm_time_user,True,True,True,True
access_vvti_hrm_88,arul.hr.punch.in.out,green_erp_arulmani_hrm.model_arul_hr_punch_in_out,green_erp_arulmani_hrm.group_vvti_hrm_time_key_user,True,True,True,False
access_vvti_hrm_224,arul.hr.audit.shift.time,green_erp_arulmani_hrm.model_arul_hr_audit_shift_time,green_erp_arulmani_hrm.group_vvti_hrm_time_key_user,True,True,True,False
access_vvti_hrm_89,hr.contract,hr_contract.model_hr_contract,green_erp_arulmani_hrm.group_vvti_hrm_hr_manager,True,True,True,False
access_vvti_hrm_90,hr.employee,green_erp_arulmani_crm.model_hr_employee,green_erp_arulmani_hrm.group_vvti_hrm_hr_manager,True,True,True,False
access_vvti_hrm_91,hr.employee.category,hr.model_hr_employee_category,green_erp_arulmani_hrm.group_vvti_hrm_hr_manager,True,True,True,False
access_vvti_hrm_92,employee.leave.detail,green_erp_arulmani_hrm.model_employee_leave_detail,green_erp_arulmani_hrm.group_vvti_hrm_hr_manager,True,True,True,False
access_vvti_hrm_93,hr.employee.sub.category,green_erp_arulmani_crm.model_hr_employee_sub_category,green_erp_arulmani_hrm.group_vvti_hrm_hr_manager,True,True,True,False
access_vvti_hrm_94,hr.experience,green_erp_arulmani_crm.model_hr_experience,green_erp_arulmani_hrm.group_vvti_hrm_hr_manager,True,True,True,False
access_vvti_hrm_95,hr.family,green_erp_arulmani_crm.model_hr_family,green_erp_arulmani_hrm.group_vvti_hrm_hr_manager,True,True,True,False
access_vvti_hrm_97,resource.resource,resource.model_resource_resource,green_erp_arulmani_hrm.group_vvti_hrm_hr_manager,True,True,True,False
access_vvti_hrm_98,hr.statutory,green_erp_arulmani_crm.model_hr_statutory,green_erp_arulmani_hrm.group_vvti_hrm_hr_manager,True,True,True,False
access_vvti_hrm_99,arul.employee.action.type,green_erp_arulmani_hrm.model_arul_employee_action_type,green_erp_arulmani_hrm.group_vvti_hrm_hr_manager,True,False,False,False
access_vvti_hrm_100,arul.employee.actions,green_erp_arulmani_hrm.model_arul_employee_actions,green_erp_arulmani_hrm.group_vvti_hrm_hr_manager,True,False,False,False
access_vvti_hrm_101,arul.hr.employee.action.history,green_erp_arulmani_hrm.model_arul_hr_employee_action_history,green_erp_arulmani_hrm.group_vvti_hrm_hr_manager,True,True,True,False
access_vvti_hrm_102,employee.leave,green_erp_arulmani_hrm.model_employee_leave,green_erp_arulmani_hrm.group_vvti_hrm_hr_manager,True,True,True,False
access_vvti_hrm_103,hr.identities.attachment,green_erp_arulmani_crm.model_hr_identities_attachment,green_erp_arulmani_hrm.group_vvti_hrm_hr_manager,True,True,True,False
access_vvti_hrm_104,hr.qualification.attachment,green_erp_arulmani_crm.model_hr_qualification_attachment,green_erp_arulmani_hrm.group_vvti_hrm_hr_manager,True,True,True,False
access_vvti_hrm_105,vsis.hr.employee.category,green_erp_arulmani_crm.model_vsis_hr_employee_category,green_erp_arulmani_hrm.group_vvti_hrm_hr_manager,True,False,False,False
access_vvti_hrm_106,arul.hr.holiday.special,green_erp_arulmani_hrm.model_arul_hr_holiday_special,green_erp_arulmani_hrm.group_vvti_hrm_hr_manager,True,False,False,False
access_vvti_hrm_107,arul.hr.leave.types,green_erp_arulmani_hrm.model_arul_hr_leave_types,green_erp_arulmani_hrm.group_vvti_hrm_hr_manager,True,False,False,False
access_vvti_hrm_108,arul.hr.leave.master,green_erp_arulmani_hrm.model_arul_hr_leave_master,green_erp_arulmani_hrm.group_vvti_hrm_hr_manager,True,False,False,False
access_vvti_hrm_109,arul.hr.employee.leave.details,green_erp_arulmani_hrm.model_arul_hr_employee_leave_details,green_erp_arulmani_hrm.group_vvti_hrm_hr_manager,True,True,True,True
access_vvti_hrm_110,arul.hr.capture.work.shift,green_erp_arulmani_hrm.model_arul_hr_capture_work_shift,green_erp_arulmani_hrm.group_vvti_hrm_hr_manager,True,False,False,False
access_vvti_hrm_111,arul.hr.monthly.work.schedule,green_erp_arulmani_hrm.model_arul_hr_monthly_work_schedule,green_erp_arulmani_hrm.group_vvti_hrm_hr_manager,True,True,True,False
access_vvti_hrm_112,arul.employee.actions,green_erp_arulmani_hrm.model_arul_employee_action_type,green_erp_arulmani_hrm.group_vvti_hrm_hr_manager,True,False,False,False
access_vvti_hrm_113,arul.employee.actions,green_erp_arulmani_hrm.model_arul_employee_actions,green_erp_arulmani_hrm.group_vvti_hrm_hr_manager,True,False,False,False
access_vvti_hrm_114,arul.hr.payroll.sub.area,green_erp_arulmani_hrm.model_arul_hr_payroll_sub_area,green_erp_arulmani_hrm.group_vvti_hrm_hr_manager,True,False,False,False
access_vvti_hrm_115,arul.hr.payroll.area,green_erp_arulmani_hrm.model_arul_hr_payroll_area,green_erp_arulmani_hrm.group_vvti_hrm_hr_manager,True,False,False,False
access_vvti_hrm_116,arul.hr.section,green_erp_arulmani_hrm.model_arul_hr_section,green_erp_arulmani_hrm.group_vvti_hrm_hr_manager,True,False,False,False
access_vvti_hrm_117,hr.plant,green_erp_arulmani_crm.model_hr_plant,green_erp_arulmani_hrm.group_vvti_hrm_hr_manager,True,False,False,False
access_vvti_hrm_118,hr.employee.grade,green_erp_arulmani_crm.model_hr_employee_grade,green_erp_arulmani_hrm.group_vvti_hrm_hr_manager,True,False,False,False
access_vvti_hrm_119,hr.religion,green_erp_arulmani_crm.model_hr_religion,green_erp_arulmani_hrm.group_vvti_hrm_hr_manager,True,False,False,False
access_vvti_hrm_120,arul.hr.monthly.shift.schedule,green_erp_arulmani_hrm.model_arul_hr_monthly_shift_schedule,green_erp_arulmani_hrm.group_vvti_hrm_hr_manager,True,True,True,False
access_vvti_hrm_121,arul.hr.permission.onduty,green_erp_arulmani_hrm.model_arul_hr_permission_onduty,green_erp_arulmani_hrm.group_vvti_hrm_hr_manager,True,True,True,True
access_vvti_hrm_122,arul.hr.employee.attendence.details,green_erp_arulmani_hrm.model_arul_hr_employee_attendence_details,green_erp_arulmani_hrm.group_vvti_hrm_hr_manager,True,True,True,False
access_vvti_hrm_123,arul.hr.audit.shift.time,green_erp_arulmani_hrm.model_arul_hr_audit_shift_time,green_erp_arulmani_hrm.group_vvti_hrm_hr_manager,True,True,False,False
access_vvti_hrm_124,arul.hr.punch.in.out.time,green_erp_arulmani_hrm.model_arul_hr_punch_in_out_time,green_erp_arulmani_hrm.group_vvti_hrm_hr_manager,True,True,True,False
access_vvti_hrm_125,arul.hr.punch.in.out,green_erp_arulmani_hrm.model_arul_hr_punch_in_out,green_erp_arulmani_hrm.group_vvti_hrm_hr_manager,True,True,True,False
access_vvti_hrm_126,food.subsidy,green_erp_arulmani_hrm.model_food_subsidy,green_erp_arulmani_hrm.group_vvti_hrm_hr_manager,True,False,False,False
access_vvti_hrm_127,meals.deduction,green_erp_arulmani_hrm.model_meals_deduction,green_erp_arulmani_hrm.group_vvti_hrm_hr_manager,True,True,True,False
access_vvti_hrm_128,arul.hr.payroll.earning.parameters,green_erp_arulmani_hrm.model_arul_hr_payroll_earning_parameters,green_erp_arulmani_hrm.group_vvti_hrm_hr_manager,True,True,True,False
access_vvti_hrm_129,arul.hr.payroll.deduction.parameters,green_erp_arulmani_hrm.model_arul_hr_payroll_deduction_parameters,green_erp_arulmani_hrm.group_vvti_hrm_hr_manager,True,True,True,False
access_vvti_hrm_130,arul.hr.payroll.structure.configuration,green_erp_arulmani_hrm.model_arul_hr_payroll_structure_configuration,green_erp_arulmani_hrm.group_vvti_hrm_hr_manager,True,False,False,False
access_vvti_hrm_131,arul.hr.payroll.employee.structure,green_erp_arulmani_hrm.model_arul_hr_payroll_employee_structure,green_erp_arulmani_hrm.group_vvti_hrm_hr_manager,True,False,False,False
access_vvti_hrm_132,arul.hr.payroll.contribution.parameters,green_erp_arulmani_hrm.model_arul_hr_payroll_contribution_parameters,green_erp_arulmani_hrm.group_vvti_hrm_hr_manager,True,True,True,False
access_vvti_hrm_133,arul.hr.payroll.other.deductions,green_erp_arulmani_hrm.model_arul_hr_payroll_other_deductions,green_erp_arulmani_hrm.group_vvti_hrm_hr_manager,True,False,False,False
access_vvti_hrm_134,arul.hr.payroll.earning.structure,green_erp_arulmani_hrm.model_arul_hr_payroll_earning_structure,green_erp_arulmani_hrm.group_vvti_hrm_hr_manager,True,False,False,False
access_vvti_hrm_135,meals.details,green_erp_arulmani_hrm.model_meals_details,green_erp_arulmani_hrm.group_vvti_hrm_hr_manager,True,True,True,False
access_vvti_hrm_136,hr.contract,hr_contract.model_hr_contract,green_erp_arulmani_hrm.group_vvti_hrm_payroll_controller,True,True,True,False
access_vvti_hrm_137,hr.employee,green_erp_arulmani_crm.model_hr_employee,green_erp_arulmani_hrm.group_vvti_hrm_payroll_controller,True,False,False,False
access_vvti_hrm_138,hr.employee.category,hr.model_hr_employee_category,green_erp_arulmani_hrm.group_vvti_hrm_payroll_controller,True,True,True,False
access_vvti_hrm_139,employee.leave.detail,green_erp_arulmani_hrm.model_employee_leave_detail,green_erp_arulmani_hrm.group_vvti_hrm_payroll_controller,True,True,True,False
access_vvti_hrm_140,hr.employee.sub.category,green_erp_arulmani_crm.model_hr_employee_sub_category,green_erp_arulmani_hrm.group_vvti_hrm_payroll_controller,True,True,True,False
access_vvti_hrm_141,hr.experience,green_erp_arulmani_crm.model_hr_experience,green_erp_arulmani_hrm.group_vvti_hrm_payroll_controller,True,True,True,False
access_vvti_hrm_142,hr.family,green_erp_arulmani_crm.model_hr_family,green_erp_arulmani_hrm.group_vvti_hrm_payroll_controller,True,True,True,False
access_vvti_hrm_144,resource.resource,resource.model_resource_resource,green_erp_arulmani_hrm.group_vvti_hrm_payroll_controller,True,True,True,False
access_vvti_hrm_145,hr.statutory,green_erp_arulmani_crm.model_hr_statutory,green_erp_arulmani_hrm.group_vvti_hrm_payroll_controller,True,True,True,False
access_vvti_hrm_146,arul.employee.action.type,green_erp_arulmani_hrm.model_arul_employee_action_type,green_erp_arulmani_hrm.group_vvti_hrm_payroll_controller,True,False,False,False
access_vvti_hrm_147,arul.employee.actions,green_erp_arulmani_hrm.model_arul_employee_actions,green_erp_arulmani_hrm.group_vvti_hrm_payroll_controller,True,False,False,False
access_vvti_hrm_148,arul.hr.employee.action.history,green_erp_arulmani_hrm.model_arul_hr_employee_action_history,green_erp_arulmani_hrm.group_vvti_hrm_payroll_controller,True,False,False,False
access_vvti_hrm_149,employee.leave,green_erp_arulmani_hrm.model_employee_leave,green_erp_arulmani_hrm.group_vvti_hrm_payroll_controller,True,True,True,False
access_vvti_hrm_150,hr.identities.attachment,green_erp_arulmani_crm.model_hr_identities_attachment,green_erp_arulmani_hrm.group_vvti_hrm_payroll_controller,True,True,True,False
access_vvti_hrm_151,hr.qualification.attachment,green_erp_arulmani_crm.model_hr_qualification_attachment,green_erp_arulmani_hrm.group_vvti_hrm_payroll_controller,True,True,True,False
access_vvti_hrm_152,vsis.hr.employee.category,green_erp_arulmani_crm.model_vsis_hr_employee_category,green_erp_arulmani_hrm.group_vvti_hrm_payroll_controller,True,False,False,False
access_vvti_hrm_153,arul.hr.holiday.special,green_erp_arulmani_hrm.model_arul_hr_holiday_special,green_erp_arulmani_hrm.group_vvti_hrm_payroll_controller,True,False,False,False
access_vvti_hrm_154,arul.hr.leave.types,green_erp_arulmani_hrm.model_arul_hr_leave_types,green_erp_arulmani_hrm.group_vvti_hrm_payroll_controller,True,False,False,False
access_vvti_hrm_155,arul.hr.leave.master,green_erp_arulmani_hrm.model_arul_hr_leave_master,green_erp_arulmani_hrm.group_vvti_hrm_payroll_controller,True,False,False,False
access_vvti_hrm_156,arul.hr.employee.leave.details,green_erp_arulmani_hrm.model_arul_hr_employee_leave_details,green_erp_arulmani_hrm.group_vvti_hrm_payroll_controller,True,True,True,True
access_vvti_hrm_157,arul.hr.capture.work.shift,green_erp_arulmani_hrm.model_arul_hr_capture_work_shift,green_erp_arulmani_hrm.group_vvti_hrm_payroll_controller,True,False,False,False
access_vvti_hrm_158,arul.hr.monthly.work.schedule,green_erp_arulmani_hrm.model_arul_hr_monthly_work_schedule,green_erp_arulmani_hrm.group_vvti_hrm_payroll_controller,True,False,False,False
access_vvti_hrm_159,arul.hr.section,green_erp_arulmani_hrm.model_arul_hr_section,green_erp_arulmani_hrm.group_vvti_hrm_payroll_controller,True,False,False,False
access_vvti_hrm_160,arul.hr.payroll.sub.area,green_erp_arulmani_hrm.model_arul_hr_payroll_sub_area,green_erp_arulmani_hrm.group_vvti_hrm_payroll_controller,True,False,False,False
access_vvti_hrm_161,arul.hr.payroll.area,green_erp_arulmani_hrm.model_arul_hr_payroll_area,green_erp_arulmani_hrm.group_vvti_hrm_payroll_controller,True,False,False,False
access_vvti_hrm_162,arul.employee.actions,green_erp_arulmani_hrm.model_arul_employee_actions,green_erp_arulmani_hrm.group_vvti_hrm_payroll_controller,True,False,False,False
access_vvti_hrm_163,arul.employee.action.type,green_erp_arulmani_hrm.model_arul_employee_action_type,green_erp_arulmani_hrm.group_vvti_hrm_payroll_controller,True,False,False,False
access_vvti_hrm_164,hr.plant,green_erp_arulmani_crm.model_hr_plant,green_erp_arulmani_hrm.group_vvti_hrm_payroll_controller,True,False,False,False
access_vvti_hrm_165,hr.employee.grade,green_erp_arulmani_crm.model_hr_employee_grade,green_erp_arulmani_hrm.group_vvti_hrm_payroll_controller,True,False,False,False
access_vvti_hrm_166,hr.religion,green_erp_arulmani_crm.model_hr_religion,green_erp_arulmani_hrm.group_vvti_hrm_payroll_controller,True,False,False,False
access_vvti_hrm_167,arul.hr.monthly.shift.schedule,green_erp_arulmani_hrm.model_arul_hr_monthly_shift_schedule,green_erp_arulmani_hrm.group_vvti_hrm_payroll_controller,True,False,False,False
access_vvti_hrm_168,arul.hr.punch.in.out.time,green_erp_arulmani_hrm.model_arul_hr_punch_in_out_time,green_erp_arulmani_hrm.group_vvti_hrm_payroll_controller,True,True,True,False
access_vvti_hrm_169,arul.hr.employee.attendence.details,green_erp_arulmani_hrm.model_arul_hr_employee_attendence_details,green_erp_arulmani_hrm.group_vvti_hrm_payroll_controller,True,True,True,False
access_vvti_hrm_171,arul.hr.permission.onduty,green_erp_arulmani_hrm.model_arul_hr_permission_onduty,green_erp_arulmani_hrm.group_vvti_hrm_payroll_controller,True,True,True,False
access_vvti_hrm_172,arul.hr.payroll.earning.parameters,green_erp_arulmani_hrm.model_arul_hr_payroll_earning_parameters,green_erp_arulmani_hrm.group_vvti_hrm_payroll_controller,True,True,True,False
access_vvti_hrm_173,arul.hr.payroll.deduction.parameters,green_erp_arulmani_hrm.model_arul_hr_payroll_deduction_parameters,green_erp_arulmani_hrm.group_vvti_hrm_payroll_controller,True,True,True,False
access_vvti_hrm_174,arul.hr.payroll.structure.configuration,green_erp_arulmani_hrm.model_arul_hr_payroll_structure_configuration,green_erp_arulmani_hrm.group_vvti_hrm_payroll_controller,True,True,True,False
access_vvti_hrm_175,arul.hr.payroll.employee.structure,green_erp_arulmani_hrm.model_arul_hr_payroll_employee_structure,green_erp_arulmani_hrm.group_vvti_hrm_payroll_controller,True,True,True,False
access_vvti_hrm_176,arul.hr.payroll.contribution.parameters,green_erp_arulmani_hrm.model_arul_hr_payroll_contribution_parameters,green_erp_arulmani_hrm.group_vvti_hrm_payroll_controller,True,True,True,False
access_vvti_hrm_177,arul.hr.payroll.earning.structure,green_erp_arulmani_hrm.model_arul_hr_payroll_earning_structure,green_erp_arulmani_hrm.group_vvti_hrm_payroll_controller,True,True,True,False
access_vvti_hrm_178,arul.hr.payroll.other.deductions,green_erp_arulmani_hrm.model_arul_hr_payroll_other_deductions,green_erp_arulmani_hrm.group_vvti_hrm_payroll_controller,True,True,True,False
access_vvti_hrm_179,arul.hr.payroll.executions.details,green_erp_arulmani_hrm.model_arul_hr_payroll_executions_details,green_erp_arulmani_hrm.group_vvti_hrm_payroll_controller,True,True,True,False
access_vvti_hrm_180,arul.hr.payroll.executions,green_erp_arulmani_hrm.model_arul_hr_payroll_executions,green_erp_arulmani_hrm.group_vvti_hrm_payroll_controller,True,True,True,False
access_vvti_hrm_181,tpt.hr.payroll.approve.reject,green_erp_arulmani_hrm.model_tpt_hr_payroll_approve_reject,green_erp_arulmani_hrm.group_vvti_hrm_payroll_controller,True,True,True,False
access_vvti_hrm_182,meals.details,green_erp_arulmani_hrm.model_meals_details,green_erp_arulmani_hrm.group_vvti_hrm_payroll_controller,True,False,False,False
access_vvti_hrm_183,meals.deduction,green_erp_arulmani_hrm.model_meals_deduction,green_erp_arulmani_hrm.group_vvti_hrm_payroll_controller,True,False,False,False
access_vvti_hrm_184,res_company,account.model_res_company,green_erp_arulmani_hrm.group_vvti_hrm_admin,True,True,True,True
access_vvti_hrm_185,hr_department,green_erp_arulmani_hrm.model_hr_department,green_erp_arulmani_hrm.group_vvti_hrm_admin,True,True,True,True
access_vvti_hrm_186,arul.hr.section,green_erp_arulmani_hrm.model_arul_hr_section,green_erp_arulmani_hrm.group_vvti_hrm_admin,True,True,True,True
access_vvti_hrm_187,hr_job,hr.model_hr_job,green_erp_arulmani_hrm.group_vvti_hrm_admin,True,True,True,True
access_vvti_hrm_188,arul.hr.holiday.special,green_erp_arulmani_hrm.model_arul_hr_holiday_special,green_erp_arulmani_hrm.group_vvti_hrm_admin,True,True,True,True
access_vvti_hrm_189,arul.hr.leave.types,green_erp_arulmani_hrm.model_arul_hr_leave_types,green_erp_arulmani_hrm.group_vvti_hrm_admin,True,True,True,True
access_vvti_hrm_190,arul.hr.leave.master,green_erp_arulmani_hrm.model_arul_hr_leave_master,green_erp_arulmani_hrm.group_vvti_hrm_admin,True,True,True,True
access_vvti_hrm_191,arul.hr.capture.work.shift,green_erp_arulmani_hrm.model_arul_hr_capture_work_shift,green_erp_arulmani_hrm.group_vvti_hrm_admin,True,True,True,True
access_vvti_hrm_192,arul.hr.monthly.work.schedule,green_erp_arulmani_hrm.model_arul_hr_monthly_work_schedule,green_erp_arulmani_hrm.group_vvti_hrm_admin,True,True,True,True
access_vvti_hrm_193,arul.hr.section,green_erp_arulmani_hrm.model_arul_hr_section,green_erp_arulmani_hrm.group_vvti_hrm_admin,True,True,True,True
access_vvti_hrm_194,arul.hr.payroll.sub.area,green_erp_arulmani_hrm.model_arul_hr_payroll_sub_area,green_erp_arulmani_hrm.group_vvti_hrm_admin,True,True,True,True
access_vvti_hrm_195,arul.hr.payroll.area,green_erp_arulmani_hrm.model_arul_hr_payroll_area,green_erp_arulmani_hrm.group_vvti_hrm_admin,True,True,True,True
access_vvti_hrm_196,arul.employee.action.type,green_erp_arulmani_hrm.model_arul_employee_action_type,green_erp_arulmani_hrm.group_vvti_hrm_admin,True,True,True,True
access_vvti_hrm_197,arul.employee.actions,green_erp_arulmani_hrm.model_arul_employee_actions,green_erp_arulmani_hrm.group_vvti_hrm_admin,True,True,True,True
access_vvti_hrm_198,hr.plant,green_erp_arulmani_crm.model_hr_plant,green_erp_arulmani_hrm.group_vvti_hrm_admin,True,True,True,True
access_vvti_hrm_199,hr.employee.grade,green_erp_arulmani_crm.model_hr_employee_grade,green_erp_arulmani_hrm.group_vvti_hrm_admin,True,True,True,True
access_vvti_hrm_200,hr.religion,green_erp_arulmani_crm.model_hr_religion,green_erp_arulmani_hrm.group_vvti_hrm_admin,True,True,True,True
access_vvti_hrm_201,arul.hr.monthly.shift.schedule,green_erp_arulmani_hrm.model_arul_hr_monthly_shift_schedule,green_erp_arulmani_hrm.group_vvti_hrm_admin,True,True,True,True
access_vvti_hrm_202,arul.hr.audit.shift.time,green_erp_arulmani_hrm.model_arul_hr_audit_shift_time,green_erp_arulmani_hrm.group_vvti_hrm_admin,True,True,True,True
access_vvti_hrm_203,arul.hr.employee.attendence.details,green_erp_arulmani_hrm.model_arul_hr_employee_attendence_details,green_erp_arulmani_hrm.group_vvti_hrm_admin,True,True,True,True
access_vvti_hrm_204,arul.hr.punch.in.out.time,green_erp_arulmani_hrm.model_arul_hr_punch_in_out_time,green_erp_arulmani_hrm.group_vvti_hrm_admin,True,True,True,True
access_vvti_hrm_205,arul.hr.punch.in.out,green_erp_arulmani_hrm.model_arul_hr_punch_in_out,green_erp_arulmani_hrm.group_vvti_hrm_admin,True,True,True,True
access_vvti_hrm_206,food.subsidy,green_erp_arulmani_hrm.model_food_subsidy,green_erp_arulmani_hrm.group_vvti_hrm_admin,True,True,True,True
access_vvti_hrm_207,meals.deduction,green_erp_arulmani_hrm.model_meals_deduction,green_erp_arulmani_hrm.group_vvti_hrm_admin,True,True,True,True
access_vvti_hrm_208,arul.hr.payroll.earning.parameters,green_erp_arulmani_hrm.model_arul_hr_payroll_earning_parameters,green_erp_arulmani_hrm.group_vvti_hrm_admin,True,True,True,True
access_vvti_hrm_209,arul.hr.payroll.deduction.parameters,green_erp_arulmani_hrm.model_arul_hr_payroll_deduction_parameters,green_erp_arulmani_hrm.group_vvti_hrm_admin,True,True,True,True
access_vvti_hrm_210,arul.hr.payroll.structure.configuration,green_erp_arulmani_hrm.model_arul_hr_payroll_structure_configuration,green_erp_arulmani_hrm.group_vvti_hrm_admin,True,True,True,True
access_vvti_hrm_211,arul.hr.payroll.employee.structure,green_erp_arulmani_hrm.model_arul_hr_payroll_employee_structure,green_erp_arulmani_hrm.group_vvti_hrm_admin,True,True,True,True
access_vvti_hrm_212,arul.hr.payroll.contribution.parameters,green_erp_arulmani_hrm.model_arul_hr_payroll_contribution_parameters,green_erp_arulmani_hrm.group_vvti_hrm_admin,True,True,True,True
access_vvti_hrm_213,arul.hr.payroll.other.deductions,green_erp_arulmani_hrm.model_arul_hr_payroll_other_deductions,green_erp_arulmani_hrm.group_vvti_hrm_admin,True,True,True,True
access_vvti_hrm_214,arul.hr.payroll.earning.structure,green_erp_arulmani_hrm.model_arul_hr_payroll_earning_structure,green_erp_arulmani_hrm.group_vvti_hrm_admin,True,True,True,True
access_vvti_hrm_215,arul.hr.payroll.executions,green_erp_arulmani_hrm.model_arul_hr_payroll_executions,green_erp_arulmani_hrm.group_vvti_hrm_admin,True,True,True,True
access_vvti_hrm_216,arul.hr.payroll.executions.details,green_erp_arulmani_hrm.model_arul_hr_payroll_executions_details,green_erp_arulmani_hrm.group_vvti_hrm_admin,True,True,True,True
access_vvti_hrm_217,tpt.hr.payroll.approve.reject,green_erp_arulmani_hrm.model_tpt_hr_payroll_approve_reject,green_erp_arulmani_hrm.group_vvti_hrm_admin,True,True,True,True
access_vvti_hrm_218,meals.details,green_erp_arulmani_hrm.model_meals_details,green_erp_arulmani_hrm.group_vvti_hrm_admin,True,True,True,True
access_vvti_hrm_219,hr.employee,green_erp_arulmani_crm.model_hr_employee,green_erp_arulmani_hrm.group_vvti_hrm_admin,True,True,True,False
access_vvti_hrm_220,arul.hr.employee.action.history,green_erp_arulmani_hrm.model_arul_hr_employee_action_history,green_erp_arulmani_hrm.group_vvti_hrm_admin,True,True,True,True
access_vvti_hrm_221,vsis.hr.employee.category,green_erp_arulmani_crm.model_vsis_hr_employee_category,green_erp_arulmani_hrm.group_vvti_hrm_admin,True,True,True,True
access_vvti_hrm_222,hr.employee.sub.category,green_erp_arulmani_crm.model_hr_employee_sub_category,green_erp_arulmani_hrm.group_vvti_hrm_admin,True,True,True,True
access_vvti_hrm_226,tpt.cost.center,green_erp_arulmani_hrm.model_tpt_cost_center,green_erp_arulmani_hrm.group_vvti_hrm_admin,True,True,True,True
access_vvti_hrm_227,tpt.work.center,green_erp_arulmani_hrm.model_tpt_work_center,green_erp_arulmani_hrm.group_vvti_hrm_admin,True,True,True,True
access_vvti_hrm_228,tpt.equipment.master,green_erp_arulmani_hrm.model_tpt_equipment_master,green_erp_arulmani_hrm.group_vvti_hrm_admin,True,True,True,True
access_vvti_hrm_229,tpt.equipment.master,green_erp_arulmani_hrm.model_tpt_equipment_master,green_erp_arulmani_hrm.group_vvti_hrm_hr_user,True,False,False,False
access_vvti_hrm_230,tpt.equipment.master,green_erp_arulmani_hrm.model_tpt_equipment_master,green_erp_arulmani_hrm.group_vvti_hrm_time_user,True,False,False,False
access_vvti_hrm_231,tpt.equipment.master,green_erp_arulmani_hrm.model_tpt_equipment_master,green_erp_arulmani_hrm.group_vvti_hrm_hr_manager,True,False,False,False
access_vvti_hrm_232,tpt.equipment.master,green_erp_arulmani_hrm.model_tpt_equipment_master,green_erp_arulmani_hrm.group_vvti_hrm_payroll_controller,True,False,False,False
access_vvti_hrm_233,tpt.manage.equipment.inventory,green_erp_arulmani_hrm.model_tpt_manage_equipment_inventory,green_erp_arulmani_hrm.group_vvti_hrm_hr_user,True,True,True,False
access_vvti_hrm_234,tpt.manage.equipment.inventory,green_erp_arulmani_hrm.model_tpt_manage_equipment_inventory,green_erp_arulmani_hrm.group_vvti_hrm_time_user,True,True,True,False
access_vvti_hrm_235,tpt.manage.equipment.inventory,green_erp_arulmani_hrm.model_tpt_manage_equipment_inventory,green_erp_arulmani_hrm.group_vvti_hrm_hr_manager,True,True,True,False
access_vvti_hrm_236,tpt.manage.equipment.inventory,green_erp_arulmani_hrm.model_tpt_manage_equipment_inventory,green_erp_arulmani_hrm.group_vvti_hrm_payroll_controller,True,True,True,False
access_vvti_hrm_237,tpt.manage.equipment.inventory,green_erp_arulmani_hrm.model_tpt_manage_equipment_inventory,green_erp_arulmani_hrm.group_vvti_hrm_admin,True,True,True,True
access_vvti_hrm_238,hr.qualification.master,green_erp_arulmani_crm.model_hr_qualification_master,green_erp_arulmani_hrm.group_vvti_hrm_hr_user,True,True,True,False
access_vvti_hrm_239,hr.qualification.master,green_erp_arulmani_crm.model_hr_qualification_master,green_erp_arulmani_hrm.group_vvti_hrm_time_user,True,True,True,False
access_vvti_hrm_240,hr.qualification.master,green_erp_arulmani_crm.model_hr_qualification_master,green_erp_arulmani_hrm.group_vvti_hrm_hr_manager,True,True,True,False
access_vvti_hrm_241,hr.qualification.master,green_erp_arulmani_crm.model_hr_qualification_master,green_erp_arulmani_hrm.group_vvti_hrm_payroll_controller,True,True,True,False
access_vvti_hrm_242,hr.qualification.master,green_erp_arulmani_crm.model_hr_qualification_master,green_erp_arulmani_hrm.group_vvti_hrm_admin,True,True,True,True
access_vvti_hrm_243,tpt.month,green_erp_arulmani_hrm.model_tpt_month,green_erp_arulmani_hrm.group_vvti_hrm_hr_user,True,True,True,False
access_vvti_hrm_244,tpt.month,green_erp_arulmani_hrm.model_tpt_month,green_erp_arulmani_hrm.group_vvti_hrm_time_user,True,True,True,False
access_vvti_hrm_245,tpt.month,green_erp_arulmani_hrm.model_tpt_month,green_erp_arulmani_hrm.group_vvti_hrm_hr_manager,True,True,True,False
access_vvti_hrm_246,tpt.month,green_erp_arulmani_hrm.model_tpt_month,green_erp_arulmani_hrm.group_vvti_hrm_payroll_controller,True,True,True,False
access_vvti_hrm_247,tpt.month,green_erp_arulmani_hrm.model_tpt_month,green_erp_arulmani_hrm.group_vvti_hrm_admin,True,True,True,True
access_vvti_hrm_248,tpt.stream.master,green_erp_arulmani_hrm.model_tpt_stream_master,green_erp_arulmani_hrm.group_vvti_hrm_hr_user,True,True,True,False
access_vvti_hrm_249,tpt.stream.master,green_erp_arulmani_hrm.model_tpt_stream_master,green_erp_arulmani_hrm.group_vvti_hrm_time_user,True,True,True,False
access_vvti_hrm_250,tpt.stream.master,green_erp_arulmani_hrm.model_tpt_stream_master,green_erp_arulmani_hrm.group_vvti_hrm_hr_manager,True,True,True,False
access_vvti_hrm_251,tpt.stream.master,green_erp_arulmani_hrm.model_tpt_stream_master,green_erp_arulmani_hrm.group_vvti_hrm_payroll_controller,True,True,True,False
access_vvti_hrm_252,tpt.stream.master,green_erp_arulmani_hrm.model_tpt_stream_master,green_erp_arulmani_hrm.group_vvti_hrm_admin,True,True,True,True
access_vvti_hrm_253,tpt.time.leave.evaluation,green_erp_arulmani_hrm.model_tpt_time_leave_evaluation,green_erp_arulmani_hrm.group_vvti_hrm_hr_key_user,True,True,True,True
access_vvti_hrm_254,tpt.time.leave.evaluation,green_erp_arulmani_hrm.model_tpt_time_leave_evaluation,green_erp_arulmani_hrm.group_vvti_hrm_time_key_user,True,True,True,True
access_vvti_hrm_255,tpt.time.leave.evaluation,green_erp_arulmani_hrm.model_tpt_time_leave_evaluation,green_erp_arulmani_hrm.group_vvti_hrm_hr_manager,True,True,True,False
access_vvti_hrm_256,tpt.time.leave.evaluation,green_erp_arulmani_hrm.model_tpt_time_leave_evaluation,green_erp_arulmani_hrm.group_vvti_hrm_payroll_controller,True,False,False,False
access_vvti_hrm_257,tpt.time.leave.evaluation,green_erp_arulmani_hrm.model_tpt_time_leave_evaluation,green_erp_arulmani_hrm.group_vvti_hrm_admin,True,True,True,True
access_vvti_hrm_258,tpt.non.availability,green_erp_arulmani_hrm.model_tpt_non_availability,green_erp_arulmani_hrm.group_vvti_hrm_hr_key_user,True,True,True,False
access_vvti_hrm_259,tpt.non.availability,green_erp_arulmani_hrm.model_tpt_non_availability,green_erp_arulmani_hrm.group_vvti_hrm_time_key_user,True,True,True,False
access_vvti_hrm_260,tpt.non.availability,green_erp_arulmani_hrm.model_tpt_non_availability,green_erp_arulmani_hrm.group_vvti_hrm_hr_manager,True,True,True,False
access_vvti_hrm_261,tpt.non.availability,green_erp_arulmani_hrm.model_tpt_non_availability,green_erp_arulmani_hrm.group_vvti_hrm_payroll_controller,True,True,True,False
access_vvti_hrm_262,tpt.non.availability,green_erp_arulmani_hrm.model_tpt_non_availability,green_erp_arulmani_hrm.group_vvti_hrm_admin,True,True,True,True
access_vvti_hrm_263,arul.hr.payroll.earning.structure.configuration,green_erp_arulmani_hrm.model_arul_hr_payroll_earning_structure_configuration,green_erp_arulmani_hrm.group_vvti_hrm_hr_manager,True,False,False,False
access_vvti_hrm_264,arul.hr.payroll.earning.structure.configuration,green_erp_arulmani_hrm.model_arul_hr_payroll_earning_structure_configuration,green_erp_arulmani_hrm.group_vvti_hrm_payroll_controller,True,True,True,False
access_vvti_hrm_265,arul.hr.payroll.earning.structure.configuration,green_erp_arulmani_hrm.model_arul_hr_payroll_earning_structure_configuration,green_erp_arulmani_hrm.group_vvti_hrm_admin,True,True,True,True
access_vvti_hrm_266,hr.job,hr.model_hr_job,green_erp_arulmani_hrm.group_vvti_hrm_hr_user,True,False,False,False
access_vvti_hrm_267,hr.job,hr.model_hr_job,green_erp_arulmani_hrm.group_vvti_hrm_time_user,True,False,False,False
access_vvti_hrm_268,hr.job,hr.model_hr_job,green_erp_arulmani_hrm.group_vvti_hrm_hr_manager,True,False,False,False
access_vvti_hrm_269,hr.job,hr.model_hr_job,green_erp_arulmani_hrm.group_vvti_hrm_payroll_controller,True,False,False,False
access_vvti_hrm_270,arul.hr.designation,model_arul_hr_designation,green_erp_arulmani_hrm.group_vvti_hrm_hr_user,True,False,False,False
access_vvti_hrm_271,arul.hr.designation,model_arul_hr_designation,green_erp_arulmani_hrm.group_vvti_hrm_time_user,True,False,False,False
access_vvti_hrm_272,arul.hr.designation,model_arul_hr_designation,green_erp_arulmani_hrm.group_vvti_hrm_hr_manager,True,True,True,False
access_vvti_hrm_273,arul.hr.designation,model_arul_hr_designation,green_erp_arulmani_hrm.group_vvti_hrm_payroll_controller,True,False,False,False
access_vvti_hrm_274,arul.hr.designation,model_arul_hr_designation,green_erp_arulmani_hrm.group_vvti_hrm_admin,True,True,True,True
access_vvti_hrm_275,shift.group,model_shift_group,green_erp_arulmani_hrm.group_vvti_hrm_hr_user,True,False,False,False
access_vvti_hrm_276,shift.group,model_shift_group,green_erp_arulmani_hrm.group_vvti_hrm_time_user,True,False,False,False
access_vvti_hrm_277,shift.group,model_shift_group,green_erp_arulmani_hrm.group_vvti_hrm_hr_manager,True,False,False,False
access_vvti_hrm_278,shift.group,model_shift_group,green_erp_arulmani_hrm.group_vvti_hrm_payroll_controller,True,False,False,False
access_vvti_hrm_279,shift.group,model_shift_group,green_erp_arulmani_hrm.group_vvti_hrm_admin,True,True,True,True
access_vvti_hrm_280,shift.change,model_shift_change,green_erp_arulmani_hrm.group_vvti_hrm_hr_user,True,True,True,False
access_vvti_hrm_281,shift.change,model_shift_change,green_erp_arulmani_hrm.group_vvti_hrm_time_user,True,True,True,False
access_vvti_hrm_282,shift.change,model_shift_change,green_erp_arulmani_hrm.group_vvti_hrm_hr_manager,True,True,True,False
access_vvti_hrm_283,shift.change,model_shift_change,green_erp_arulmani_hrm.group_vvti_hrm_payroll_controller,True,True,True,False
access_vvti_hrm_284,shift.change,model_shift_change,green_erp_arulmani_hrm.group_vvti_hrm_admin,True,True,True,True
access_vvti_hrm_285,"arul.hr.employee.action.history","green_erp_arulmani_hrm.model_arul_hr_employee_action_history","green_erp_arulmani_hrm.group_vvti_hrm_plant_hr_user","True","False","False","False"
access_vvti_hrm_286,"hr.family","green_erp_arulmani_crm.model_hr_family","green_erp_arulmani_hrm.group_vvti_hrm_plant_hr_user","True","True","True","False"
access_vvti_hrm_287,"hr.identities.attachment","green_erp_arulmani_crm.model_hr_identities_attachment","green_erp_arulmani_hrm.group_vvti_hrm_plant_hr_user","True","True","True","False"
access_vvti_hrm_288,"employee.leave","green_erp_arulmani_hrm.model_employee_leave","green_erp_arulmani_hrm.group_vvti_hrm_plant_hr_user","True","True","True","False"
access_vvti_hrm_289,"hr.qualification.attachment","green_erp_arulmani_crm.model_hr_qualification_attachment","green_erp_arulmani_hrm.group_vvti_hrm_plant_hr_user","True","True","True","False"
access_vvti_hrm_290,"hr.statutory","green_erp_arulmani_crm.model_hr_statutory","green_erp_arulmani_hrm.group_vvti_hrm_plant_hr_user","True","True","True","False"
access_vvti_hrm_291,"tpt.manage.equipment.inventory","green_erp_arulmani_hrm.model_tpt_manage_equipment_inventory","green_erp_arulmani_hrm.group_vvti_hrm_plant_hr_user","True","True","True","False"
access_vvti_hrm_292,"hr.experience","green_erp_arulmani_crm.model_hr_experience","green_erp_arulmani_hrm.group_vvti_hrm_plant_hr_user","True","True","True","False"
access_vvti_hrm_293,"employee.leave.detail","green_erp_arulmani_hrm.model_employee_leave_detail","green_erp_arulmani_hrm.group_vvti_hrm_plant_hr_user","True","True","True","False"
access_vvti_hrm_294,"arul.hr.holiday.special","green_erp_arulmani_hrm.model_arul_hr_holiday_special","green_erp_arulmani_hrm.group_vvti_hrm_plant_hr_user","True","False","False","False"
access_vvti_hrm_295,"arul.hr.leave.master","green_erp_arulmani_hrm.model_arul_hr_leave_master","green_erp_arulmani_hrm.group_vvti_hrm_plant_hr_user","True","False","False","False"
access_vvti_hrm_296,"arul.hr.leave.types","green_erp_arulmani_hrm.model_arul_hr_leave_types","green_erp_arulmani_hrm.group_vvti_hrm_plant_hr_user","True","False","False","False"
access_vvti_hrm_297,"arul.hr.employee.leave.details","green_erp_arulmani_hrm.model_arul_hr_employee_leave_details","green_erp_arulmani_hrm.group_vvti_hrm_plant_hr_user","True","True","True","False"
access_vvti_hrm_298,"arul.hr.capture.work.shift","green_erp_arulmani_hrm.model_arul_hr_capture_work_shift","green_erp_arulmani_hrm.group_vvti_hrm_plant_hr_user","True","False","False","False"
access_vvti_hrm_299,"shift.group","green_erp_arulmani_hrm.model_shift_group","green_erp_arulmani_hrm.group_vvti_hrm_plant_hr_user","True","False","False","False"
access_vvti_hrm_300,"tpt.month","green_erp_arulmani_hrm.model_tpt_month","green_erp_arulmani_hrm.group_vvti_hrm_plant_hr_user","True","False","False","False"
access_vvti_hrm_301,"arul.hr.monthly.shift.schedule","green_erp_arulmani_hrm.model_arul_hr_monthly_shift_schedule","green_erp_arulmani_hrm.group_vvti_hrm_plant_hr_user","True","True","True","False"
access_vvti_hrm_302,"arul.hr.monthly.work.schedule","green_erp_arulmani_hrm.model_arul_hr_monthly_work_schedule","green_erp_arulmani_hrm.group_vvti_hrm_plant_hr_user","True","True","True","False"
access_vvti_hrm_303,"arul.hr.section","green_erp_arulmani_hrm.model_arul_hr_section","green_erp_arulmani_hrm.group_vvti_hrm_plant_hr_user","True","False","False","False"
access_vvti_hrm_304,"arul.hr.designation","green_erp_arulmani_hrm.model_arul_hr_designation","green_erp_arulmani_hrm.group_vvti_hrm_plant_hr_user","True","False","False","False"
access_vvti_hrm_305,"arul.hr.permission.onduty","green_erp_arulmani_hrm.model_arul_hr_permission_onduty","green_erp_arulmani_hrm.group_vvti_hrm_plant_hr_user","True","True","True","False"
access_vvti_hrm_306,"vsis.hr.employee.category","green_erp_arulmani_crm.model_vsis_hr_employee_category","green_erp_arulmani_hrm.group_vvti_hrm_plant_hr_user","True","False","False","False"
access_vvti_hrm_307,arul.hr.audit.shift.time,green_erp_arulmani_hrm.model_arul_hr_audit_shift_time,green_erp_arulmani_hrm.group_vvti_unit_user,True,True,True,False
access_vvti_hrm_308,arul.hr.payroll.executions,green_erp_arulmani_hrm.model_arul_hr_payroll_executions,green_erp_arulmani_hrm.group_vvti_unit_user,True,True,True,False
access_vvti_hrm_309,arul.hr.payroll.loan.deduction.parameters,green_erp_arulmani_hrm.model_arul_hr_payroll_loan_deduction_parameters,green_erp_arulmani_hrm.group_vvti_hrm_hr_manager,True,False,False,False
access_vvti_hrm_310,arul.hr.payroll.insurance.deduction.parameters,green_erp_arulmani_hrm.model_arul_hr_payroll_insurance_deduction_parameters,green_erp_arulmani_hrm.group_vvti_hrm_hr_manager,True,False,False,False
access_vvti_hrm_312,arul.hr.payroll.executions,green_erp_arulmani_hrm.model_arul_hr_payroll_executions,green_erp_arulmani_hrm.group_vvti_hrm_plant_hr_user,True,False,False,False

access_vvti_hrm_313,arul.hr.payroll.executions,green_erp_arulmani_hrm.model_arul_hr_payroll_executions,green_erp_arulmani_hrm.group_vvti_hrm_hr_user,True,True,True,False
access_vvti_hrm_314,arul.hr.payroll.executions,green_erp_arulmani_hrm.model_arul_hr_payroll_executions,green_erp_arulmani_hrm.group_vvti_hrm_time_user,True,True,True,False



access_vvti_hrm_unit_user_001,"arul.hr.employee.action.history","green_erp_arulmani_hrm.model_arul_hr_employee_action_history","green_erp_arulmani_hrm.group_vvti_unit_user","True","False","False","False"
access_vvti_hrm_unit_user_002,"hr.employee","green_erp_arulmani_crm.model_hr_employee","green_erp_arulmani_hrm.group_vvti_unit_user","True","True","True","False"
access_vvti_hrm_unit_user_003,"employee.leave","green_erp_arulmani_hrm.model_employee_leave","green_erp_arulmani_hrm.group_vvti_unit_user","True","True","True","False"
access_vvti_hrm_unit_user_004,"hr.qualification.attachment","green_erp_arulmani_crm.model_hr_qualification_attachment","green_erp_arulmani_hrm.group_vvti_unit_user","True","True","True","False"
access_vvti_hrm_unit_user_005,"hr.contract","hr_contract.model_hr_contract","green_erp_arulmani_hrm.group_vvti_unit_user","True","True","True","False"
access_vvti_hrm_unit_user_006,"hr.identities.attachment","green_erp_arulmani_crm.model_hr_identities_attachment","green_erp_arulmani_hrm.group_vvti_unit_user","True","True","True","False"
access_vvti_hrm_unit_user_007,"hr.statutory","green_erp_arulmani_crm.model_hr_statutory","green_erp_arulmani_hrm.group_vvti_unit_user","True","True","True","False"
access_vvti_hrm_unit_user_008,"hr.family","green_erp_arulmani_crm.model_hr_family","green_erp_arulmani_hrm.group_vvti_unit_user","True","True","True","False"
access_vvti_hrm_unit_user_009,"hr.experience","green_erp_arulmani_crm.model_hr_experience","green_erp_arulmani_hrm.group_vvti_unit_user","True","True","True","False"
access_vvti_hrm_unit_user_010,"hr.employee.category","hr.model_hr_employee_category","green_erp_arulmani_hrm.group_vvti_unit_user","True","True","True","False"
access_vvti_hrm_unit_user_011,"hr.employee.sub.category","green_erp_arulmani_crm.model_hr_employee_sub_category","green_erp_arulmani_hrm.group_vvti_unit_user","True","True","True","False"
access_vvti_hrm_unit_user_012,"resource.resource","resource.model_resource_resource","green_erp_arulmani_hrm.group_vvti_unit_user","True","True","True","False"
access_vvti_hrm_unit_user_013,"arul.employee.actions","green_erp_arulmani_hrm.model_arul_employee_actions","green_erp_arulmani_hrm.group_vvti_unit_user","True","False","False","False"
access_vvti_hrm_unit_user_014,"arul.employee.action.type","green_erp_arulmani_hrm.model_arul_employee_action_type","green_erp_arulmani_hrm.group_vvti_unit_user","True","False","False","False"
access_vvti_hrm_unit_user_015,"employee.leave.detail","green_erp_arulmani_hrm.model_employee_leave_detail","green_erp_arulmani_hrm.group_vvti_unit_user","True","True","True","False"
access_vvti_hrm_unit_user_016,"vsis.hr.employee.category","green_erp_arulmani_crm.model_vsis_hr_employee_category","green_erp_arulmani_hrm.group_vvti_unit_user","True","True","True","False"
access_vvti_hrm_unit_user_017,"arul.hr.holiday.special","green_erp_arulmani_hrm.model_arul_hr_holiday_special","green_erp_arulmani_hrm.group_vvti_unit_user","True","False","False","False"
access_vvti_hrm_unit_user_018,"arul.hr.leave.types","green_erp_arulmani_hrm.model_arul_hr_leave_types","green_erp_arulmani_hrm.group_vvti_unit_user","True","False","False","False"
access_vvti_hrm_unit_user_019,"arul.hr.leave.master","green_erp_arulmani_hrm.model_arul_hr_leave_master","green_erp_arulmani_hrm.group_vvti_unit_user","True","False","False","False"
access_vvti_hrm_unit_user_020,"arul.hr.employee.leave.details","green_erp_arulmani_hrm.model_arul_hr_employee_leave_details","green_erp_arulmani_hrm.group_vvti_unit_user","True","True","True","True"
access_vvti_hrm_unit_user_021,"arul.hr.capture.work.shift","green_erp_arulmani_hrm.model_arul_hr_capture_work_shift","green_erp_arulmani_hrm.group_vvti_unit_user","True","False","False","False"
access_vvti_hrm_unit_user_022,"arul.hr.monthly.work.schedule","green_erp_arulmani_hrm.model_arul_hr_monthly_work_schedule","green_erp_arulmani_hrm.group_vvti_unit_user","True","True","True","False"
access_vvti_hrm_unit_user_023,"arul.employee.action.type","green_erp_arulmani_hrm.model_arul_employee_action_type","green_erp_arulmani_hrm.group_vvti_unit_user","True","False","False","False"
access_vvti_hrm_unit_user_024,"arul.employee.actions","green_erp_arulmani_hrm.model_arul_employee_actions","green_erp_arulmani_hrm.group_vvti_unit_user","True","False","False","False"
access_vvti_hrm_unit_user_025,"arul.hr.section","green_erp_arulmani_hrm.model_arul_hr_section","green_erp_arulmani_hrm.group_vvti_unit_user","True","False","False","False"
access_vvti_hrm_unit_user_026,"arul.hr.payroll.area","green_erp_arulmani_hrm.model_arul_hr_payroll_area","green_erp_arulmani_hrm.group_vvti_unit_user","True","False","False","False"
access_vvti_hrm_unit_user_027,"arul.hr.payroll.sub.area","green_erp_arulmani_hrm.model_arul_hr_payroll_sub_area","green_erp_arulmani_hrm.group_vvti_unit_user","True","False","False","False"
access_vvti_hrm_unit_user_028,"hr.plant","green_erp_arulmani_crm.model_hr_plant","green_erp_arulmani_hrm.group_vvti_unit_user","True","False","False","False"
access_vvti_hrm_unit_user_029,"hr.employee.grade","green_erp_arulmani_crm.model_hr_employee_grade","green_erp_arulmani_hrm.group_vvti_unit_user","True","False","False","False"
access_vvti_hrm_unit_user_030,"hr.religion","green_erp_arulmani_crm.model_hr_religion","green_erp_arulmani_hrm.group_vvti_unit_user","True","False","False","False"
access_vvti_hrm_unit_user_031,"arul.hr.monthly.shift.schedule","green_erp_arulmani_hrm.model_arul_hr_monthly_shift_schedule","green_erp_arulmani_hrm.group_vvti_unit_user","True","True","True","False"
access_vvti_hrm_unit_user_032,"arul.hr.permission.onduty","green_erp_arulmani_hrm.model_arul_hr_permission_onduty","green_erp_arulmani_hrm.group_vvti_unit_user","True","True","True","True"
access_vvti_hrm_unit_user_033,"arul.hr.employee.attendence.details","green_erp_arulmani_hrm.model_arul_hr_employee_attendence_details","green_erp_arulmani_hrm.group_vvti_unit_user","True","True","True","False"
access_vvti_hrm_unit_user_034,"arul.hr.punch.in.out.time","green_erp_arulmani_hrm.model_arul_hr_punch_in_out_time","green_erp_arulmani_hrm.group_vvti_unit_user","True","True","True","False"
access_vvti_hrm_unit_user_035,"arul.hr.punch.in.out","green_erp_arulmani_hrm.model_arul_hr_punch_in_out","green_erp_arulmani_hrm.group_vvti_unit_user","True","True","True","False"
access_vvti_hrm_unit_user_036,"food.subsidy","green_erp_arulmani_hrm.model_food_subsidy","green_erp_arulmani_hrm.group_vvti_unit_user","True","False","False","False"
access_vvti_hrm_unit_user_037,"meals.deduction","green_erp_arulmani_hrm.model_meals_deduction","green_erp_arulmani_hrm.group_vvti_unit_user","False","False","False","False"
access_vvti_hrm_unit_user_038,"arul.hr.audit.shift.time","green_erp_arulmani_hrm.model_arul_hr_audit_shift_time","green_erp_arulmani_hrm.group_vvti_unit_user","True","False","False","False"
access_vvti_hrm_unit_user_039,"meals.details","green_erp_arulmani_hrm.model_meals_details","green_erp_arulmani_hrm.group_vvti_unit_user","True","True","True","False"
access_vvti_hrm_unit_user_040,"tpt.equipment.master","green_erp_arulmani_hrm.model_tpt_equipment_master","green_erp_arulmani_hrm.group_vvti_unit_user","True","False","False","False"
access_vvti_hrm_unit_user_041,"tpt.manage.equipment.inventory","green_erp_arulmani_hrm.model_tpt_manage_equipment_inventory","green_erp_arulmani_hrm.group_vvti_unit_user","True","True","True","False"
access_vvti_hrm_unit_user_042,"hr.qualification.master","green_erp_arulmani_crm.model_hr_qualification_master","green_erp_arulmani_hrm.group_vvti_unit_user","True","True","True","False"
access_vvti_hrm_unit_user_043,"tpt.month","green_erp_arulmani_hrm.model_tpt_month","green_erp_arulmani_hrm.group_vvti_unit_user","True","True","True","False"
access_vvti_hrm_unit_user_044,"tpt.stream.master","green_erp_arulmani_hrm.model_tpt_stream_master","green_erp_arulmani_hrm.group_vvti_unit_user","True","True","True","False"
access_vvti_hrm_unit_user_045,"hr.job","hr.model_hr_job","green_erp_arulmani_hrm.group_vvti_unit_user","True","False","False","False"
access_vvti_hrm_unit_user_046,"arul.hr.designation","green_erp_arulmani_hrm.model_arul_hr_designation","green_erp_arulmani_hrm.group_vvti_unit_user","True","True","True","False"
access_vvti_hrm_unit_user_047,"shift.group","green_erp_arulmani_hrm.model_shift_group","green_erp_arulmani_hrm.group_vvti_unit_user","True","False","False","False"
access_vvti_hrm_unit_user_048,"shift.change","green_erp_arulmani_hrm.model_shift_change","green_erp_arulmani_hrm.group_vvti_unit_user","True","True","True","False"

access_vvti_hrm_315,hr.department,green_erp_arulmani_hrm.model_hr_department,green_erp_arulmani_hrm.group_vvti_hrm_hr_user,True,False,False,False
access_vvti_hrm_316,arul.hr.section,green_erp_arulmani_hrm.model_arul_hr_section,green_erp_arulmani_hrm.group_vvti_hrm_hr_user,True,False,False,False
access_vvti_hrm_317,tpt.work.center,green_erp_arulmani_hrm.model_tpt_work_center,green_erp_arulmani_hrm.group_vvti_hrm_hr_user,True,False,False,False
access_vvti_hrm_318,tpt.cost.center,green_erp_arulmani_hrm.model_tpt_cost_center,green_erp_arulmani_hrm.group_vvti_hrm_hr_user,True,False,False,False
access_vvti_hrm_319,arul.hr.payroll.deduction.parameters,green_erp_arulmani_hrm.model_arul_hr_payroll_deduction_parameters,green_erp_arulmani_hrm.group_vvti_hrm_hr_user,True,False,False,False
access_vvti_hrm_320,arul.hr.payroll.earning.parameters,green_erp_arulmani_hrm.model_arul_hr_payroll_earning_parameters,green_erp_arulmani_hrm.group_vvti_hrm_hr_user,True,False,False,False
access_vvti_hrm_321,arul.hr.payroll.contribution.parameters,green_erp_arulmani_hrm.model_arul_hr_payroll_contribution_parameters,green_erp_arulmani_hrm.group_vvti_hrm_hr_user,True,False,False,False
access_vvti_hrm_322,arul.hr.payroll.employee.structure,green_erp_arulmani_hrm.model_arul_hr_payroll_employee_structure,green_erp_arulmani_hrm.group_vvti_hrm_hr_user,True,False,False,False
access_vvti_hrm_323,arul.hr.payroll.other.deductions,green_erp_arulmani_hrm.model_arul_hr_payroll_other_deductions,green_erp_arulmani_hrm.group_vvti_hrm_hr_user,True,False,False,False
access_vvti_hrm_324,arul.hr.payroll.earning.structure,green_erp_arulmani_hrm.model_arul_hr_payroll_earning_structure,green_erp_arulmani_hrm.group_vvti_hrm_hr_user,True,False,False,False
access_vvti_hrm_325,arul.hr.payroll.executions,green_erp_arulmani_hrm.model_arul_hr_payroll_executions,green_erp_arulmani_hrm.group_vvti_hrm_hr_user,True,True,True,False
access_vvti_hrm_326,res.company,account.model_res_company,green_erp_arulmani_hrm.group_vvti_hrm_hr_user,True,False,False,False
access_vvti_hrm_327,tpt.purchase.indent,green_erp_arulmani_purchase.model_tpt_purchase_indent,green_erp_arulmani_hrm.group_vvti_hrm_hr_user,True,False,False,False
access_vvti_hrm_328,tpt.purchase.product,green_erp_arulmani_purchase.model_tpt_purchase_product,green_erp_arulmani_hrm.group_vvti_hrm_hr_user,True,False,False,False
access_vvti_hrm_329,purchase.order,green_erp_arulmani_purchase.model_purchase_order,green_erp_arulmani_hrm.group_vvti_hrm_hr_user,True,False,False,False
access_vvti_hrm_330,purchase.order.line,green_erp_arulmani_purchase.model_purchase_order_line,green_erp_arulmani_hrm.group_vvti_hrm_hr_user,True,True,True,False
access_vvti_hrm_331,tpt.material.request,green_erp_arulmani_purchase.model_tpt_material_request,green_erp_arulmani_hrm.group_vvti_hrm_hr_user,True,False,False,False
access_vvti_hrm_332,tpt.material.request.line,green_erp_arulmani_purchase.model_tpt_material_request_line,green_erp_arulmani_hrm.group_vvti_hrm_hr_user,True,False,False,False
access_vvti_hrm_333,tpt.material.issue,green_erp_arulmani_accounting.model_tpt_material_issue,green_erp_arulmani_hrm.group_vvti_hrm_hr_user,True,False,False,False
access_vvti_hrm_334,tpt.material.issue.line,green_erp_arulmani_purchase.model_tpt_material_issue_line,green_erp_arulmani_hrm.group_vvti_hrm_hr_user,True,False,False,False
access_vvti_hrm_335,hr.department,green_erp_arulmani_hrm.model_hr_department,green_erp_arulmani_hrm.group_vvti_hrm_hr_key_user,True,True,True,False
access_vvti_hrm_336,arul.hr.payroll.executions.details,green_erp_arulmani_hrm.model_arul_hr_payroll_executions_details,green_erp_arulmani_hrm.group_vvti_hrm_hr_key_user,True,True,True,True
access_vvti_hrm_337,tpt.time.leave.evaluation,green_erp_arulmani_hrm.model_tpt_time_leave_evaluation,green_erp_arulmani_hrm.group_vvti_hrm_hr_user,True,True,True,True
access_vvti_hrm_338,tpt.non.availability,green_erp_arulmani_hrm.model_tpt_non_availability,green_erp_arulmani_hrm.group_vvti_hrm_hr_user,True,True,True,True
access_vvti_hrm_369,arul.hr.payroll.structure.configuration,green_erp_arulmani_hrm.model_arul_hr_payroll_structure_configuration,green_erp_arulmani_hrm.group_vvti_hrm_hr_user,True,False,False,False
access_vvti_hrm_370,arul.hr.payroll.earning.structure.configuration,green_erp_arulmani_hrm.model_arul_hr_payroll_earning_structure_configuration,green_erp_arulmani_hrm.group_vvti_hrm_hr_user,True,True,True,True


access_vvti_hrm_339,tpt.purchase.indent,green_erp_arulmani_purchase.model_tpt_purchase_indent,green_erp_arulmani_hrm.group_vvti_hrm_time_user,True,False,False,False
access_vvti_hrm_340,tpt.purchase.product,green_erp_arulmani_purchase.model_tpt_purchase_product,green_erp_arulmani_hrm.group_vvti_hrm_time_user,True,False,False,False
access_vvti_hrm_341,purchase.order,green_erp_arulmani_purchase.model_purchase_order,green_erp_arulmani_hrm.group_vvti_hrm_time_user,True,False,False,False
access_vvti_hrm_342,purchase.order.line,green_erp_arulmani_purchase.model_purchase_order_line,green_erp_arulmani_hrm.group_vvti_hrm_time_user,True,True,True,False
access_vvti_hrm_343,tpt.material.request,green_erp_arulmani_purchase.model_tpt_material_request,green_erp_arulmani_hrm.group_vvti_hrm_time_user,True,False,False,False
access_vvti_hrm_344,tpt.material.request.line,green_erp_arulmani_purchase.model_tpt_material_request_line,green_erp_arulmani_hrm.group_vvti_hrm_time_user,True,False,False,False
access_vvti_hrm_345,tpt.material.issue,green_erp_arulmani_accounting.model_tpt_material_issue,green_erp_arulmani_hrm.group_vvti_hrm_time_user,True,False,False,False
access_vvti_hrm_346,tpt.material.issue.line,green_erp_arulmani_purchase.model_tpt_material_issue_line,green_erp_arulmani_hrm.group_vvti_hrm_time_user,True,False,False,False

access_vvti_hrm_347,hr.department,green_erp_arulmani_hrm.model_hr_department,green_erp_arulmani_hrm.group_vvti_hrm_time_user,True,False,False,False
access_vvti_hrm_348,arul.hr.section,green_erp_arulmani_hrm.model_arul_hr_section,green_erp_arulmani_hrm.group_vvti_hrm_time_user,True,False,False,False
access_vvti_hrm_349,tpt.time.leave.evaluation,green_erp_arulmani_hrm.model_tpt_time_leave_evaluation,green_erp_arulmani_hrm.group_vvti_hrm_time_user,True,True,True,True
access_vvti_hrm_350,tpt.non.availability,green_erp_arulmani_hrm.model_tpt_non_availability,green_erp_arulmani_hrm.group_vvti_hrm_time_user,True,True,True,True
access_vvti_hrm_351,tpt.work.center,green_erp_arulmani_hrm.model_tpt_work_center,green_erp_arulmani_hrm.group_vvti_hrm_time_user,True,False,False,False
access_vvti_hrm_352,tpt.cost.center,green_erp_arulmani_hrm.model_tpt_cost_center,green_erp_arulmani_hrm.group_vvti_hrm_time_user,True,False,False,False
access_vvti_hrm_353,arul.hr.payroll.deduction.parameters,green_erp_arulmani_hrm.model_arul_hr_payroll_deduction_parameters,green_erp_arulmani_hrm.group_vvti_hrm_time_user,True,False,False,False
access_vvti_hrm_354,arul.hr.payroll.earning.parameters,green_erp_arulmani_hrm.model_arul_hr_payroll_earning_parameters,green_erp_arulmani_hrm.group_vvti_hrm_time_user,True,False,False,False
access_vvti_hrm_355,arul.hr.payroll.contribution.parameters,green_erp_arulmani_hrm.model_arul_hr_payroll_contribution_parameters,green_erp_arulmani_hrm.group_vvti_hrm_time_user,True,False,False,False
access_vvti_hrm_356,arul.hr.payroll.structure.configuration,green_erp_arulmani_hrm.model_arul_hr_payroll_structure_configuration,green_erp_arulmani_hrm.group_vvti_hrm_time_user,True,False,False,False
access_vvti_hrm_357,arul.hr.payroll.employee.structure,green_erp_arulmani_hrm.model_arul_hr_payroll_employee_structure,green_erp_arulmani_hrm.group_vvti_hrm_time_user,True,False,False,False
access_vvti_hrm_358,arul.hr.payroll.other.deductions,green_erp_arulmani_hrm.model_arul_hr_payroll_other_deductions,green_erp_arulmani_hrm.group_vvti_hrm_time_user,True,True,True,True
access_vvti_hrm_359,arul.hr.payroll.earning.structure,green_erp_arulmani_hrm.model_arul_hr_payroll_earning_structure,green_erp_arulmani_hrm.group_vvti_hrm_time_user,True,True,True,True
access_vvti_hrm_360,res.company,account.model_res_company,green_erp_arulmani_hrm.group_vvti_hrm_time_user,True,False,False,False
access_vvti_hrm_361,tpt.purchase.indent,green_erp_arulmani_purchase.model_tpt_purchase_indent,green_erp_arulmani_hrm.group_vvti_hrm_time_user,True,False,False,False
access_vvti_hrm_362,tpt.purchase.product,green_erp_arulmani_purchase.model_tpt_purchase_product,green_erp_arulmani_hrm.group_vvti_hrm_time_user,True,False,False,False
access_vvti_hrm_363,purchase.order,green_erp_arulmani_purchase.model_purchase_order,green_erp_arulmani_hrm.group_vvti_hrm_time_user,True,False,False,False
access_vvti_hrm_364,purchase.order.line,green_erp_arulmani_purchase.model_purchase_order_line,green_erp_arulmani_hrm.group_vvti_hrm_time_user,True,True,True,False
access_vvti_hrm_365,tpt.material.request,green_erp_arulmani_purchase.model_tpt_material_request,green_erp_arulmani_hrm.group_vvti_hrm_time_user,True,False,False,False
access_vvti_hrm_366,tpt.material.request.line,green_erp_arulmani_purchase.model_tpt_material_request_line,green_erp_arulmani_hrm.group_vvti_hrm_time_user,True,False,False,False
access_vvti_hrm_367,tpt.material.issue,green_erp_arulmani_accounting.model_tpt_material_issue,green_erp_arulmani_hrm.group_vvti_hrm_time_user,True,False,False,False
access_vvti_hrm_368,tpt.material.issue.line,green_erp_arulmani_purchase.model_tpt_material_issue_line,green_erp_arulmani_hrm.group_vvti_hrm_time_user,True,False,False,False
access_vvti_hrm_371,arul.hr.payroll.earning.structure.configuration,green_erp_arulmani_hrm.model_arul_hr_payroll_earning_structure_configuration,green_erp_arulmani_hrm.group_vvti_hrm_time_user,True,True,True,True

access_vvti_hrm_372,shift.adjustment,green_erp_arulmani_hrm.model_shift_adjustment,green_erp_arulmani_hrm.group_vvti_hrm_time_key_user,True,True,True,False
access_vvti_hrm_373,leave.adjustment,green_erp_arulmani_hrm.model_leave_adjustment,green_erp_arulmani_hrm.group_vvti_hrm_time_key_user,True,True,True,False
access_vvti_hrm_374,arul.hr.payroll.structure.configuration,green_erp_arulmani_hrm.model_arul_hr_payroll_structure_configuration,green_erp_arulmani_hrm.group_vvti_hrm_hr_manager,True,True,True,False

access_vvti_hrm_375,tpt.purchase.indent,green_erp_arulmani_purchase.model_tpt_purchase_indent,green_erp_arulmani_hrm.group_vvti_hrm_plant_hr_user,True,False,False,False
access_vvti_hrm_376,tpt.purchase.product,green_erp_arulmani_purchase.model_tpt_purchase_product,green_erp_arulmani_hrm.group_vvti_hrm_plant_hr_user,True,False,False,False
access_vvti_hrm_377,purchase.order,green_erp_arulmani_purchase.model_purchase_order,green_erp_arulmani_hrm.group_vvti_hrm_plant_hr_user,True,False,False,False
access_vvti_hrm_378,purchase.order.line,green_erp_arulmani_purchase.model_purchase_order_line,green_erp_arulmani_hrm.group_vvti_hrm_plant_hr_user,True,True,True,False
access_vvti_hrm_379,tpt.material.request,green_erp_arulmani_purchase.model_tpt_material_request,green_erp_arulmani_hrm.group_vvti_hrm_plant_hr_user,True,False,False,False
access_vvti_hrm_380,tpt.material.request.line,green_erp_arulmani_purchase.model_tpt_material_request_line,green_erp_arulmani_hrm.group_vvti_hrm_plant_hr_user,True,False,False,False
access_vvti_hrm_381,tpt.material.issue,green_erp_arulmani_accounting.model_tpt_material_issue,green_erp_arulmani_hrm.group_vvti_hrm_plant_hr_user,True,False,False,False
access_vvti_hrm_382,tpt.material.issue.line,green_erp_arulmani_purchase.model_tpt_material_issue_line,green_erp_arulmani_hrm.group_vvti_hrm_plant_hr_user,True,False,False,False
access_vvti_hrm_383,hr.department,green_erp_arulmani_hrm.model_hr_department,green_erp_arulmani_hrm.group_vvti_hrm_plant_hr_user,True,False,False,False
access_vvti_hrm_384,arul.hr.section,green_erp_arulmani_hrm.model_arul_hr_section,green_erp_arulmani_hrm.group_vvti_hrm_plant_hr_user,True,False,False,False
access_vvti_hrm_385,arul.hr.payroll.sub.area,green_erp_arulmani_hrm.model_arul_hr_payroll_sub_area,green_erp_arulmani_hrm.group_vvti_hrm_plant_hr_user,True,False,False,False
access_vvti_hrm_386,arul.hr.payroll.area,green_erp_arulmani_hrm.model_arul_hr_payroll_area,green_erp_arulmani_hrm.group_vvti_hrm_plant_hr_user,True,False,False,False
access_vvti_hrm_387,hr.employee.sub.category,green_erp_arulmani_crm.model_hr_employee_sub_category,green_erp_arulmani_hrm.group_vvti_hrm_plant_hr_user,True,False,False,False
access_vvti_hrm_388,arul.employee.action.type,green_erp_arulmani_hrm.model_arul_employee_action_type,green_erp_arulmani_hrm.group_vvti_hrm_plant_hr_user,True,False,False,False
access_vvti_hrm_389,arul.employee.actions,green_erp_arulmani_hrm.model_arul_employee_actions,green_erp_arulmani_hrm.group_vvti_hrm_plant_hr_user,True,False,False,False
access_vvti_hrm_390,arul.hr.punch.in.out.time,green_erp_arulmani_hrm.model_arul_hr_punch_in_out_time,green_erp_arulmani_hrm.group_vvti_hrm_plant_hr_user,True,True,True,False
access_vvti_hrm_391,tpt.work.center,green_erp_arulmani_hrm.model_tpt_work_center,green_erp_arulmani_hrm.group_vvti_hrm_plant_hr_user,True,False,False,False
access_vvti_hrm_392,tpt.cost.center,green_erp_arulmani_hrm.model_tpt_cost_center,green_erp_arulmani_hrm.group_vvti_hrm_plant_hr_user,True,False,False,False
access_vvti_hrm_393,res.company,account.model_res_company,green_erp_arulmani_hrm.group_vvti_hrm_plant_hr_user,True,False,False,False
access_vvti_hrm_394,arul.hr.audit.shift.time,green_erp_arulmani_hrm.model_arul_hr_audit_shift_time,green_erp_arulmani_hrm.group_vvti_hrm_payroll_controller,True,False,False,False
access_vvti_hrm_395,food.subsidy,green_erp_arulmani_hrm.model_food_subsidy,green_erp_arulmani_hrm.group_vvti_hrm_payroll_controller,True,False,False,False
access_vvti_hrm_396,"arul.hr.section","green_erp_arulmani_hrm.model_arul_hr_section","green_erp_arulmani_hrm.group_vvti_hrm_hr_key_user","True","True","True","False"

access_vvti_hrm_397,hr.department,green_erp_arulmani_hrm.model_hr_department,green_erp_arulmani_hrm.group_vvti_hrm_gm,True,True,True,False
access_vvti_hrm_398,arul.hr.designation,model_arul_hr_designation,green_erp_arulmani_hrm.group_vvti_hrm_gm,True,True,True,False

access_vvti_hrm_399,arul.hr.payroll.loan.deduction.parameters,green_erp_arulmani_hrm.model_arul_hr_payroll_loan_deduction_parameters,green_erp_arulmani_hrm.group_vvti_hrm_payroll_controller,True,True,True,False
access_vvti_hrm_400,arul.hr.payroll.insurance.deduction.parameters,green_erp_arulmani_hrm.model_arul_hr_payroll_insurance_deduction_parameters,green_erp_arulmani_hrm.group_vvti_hrm_payroll_controller,True,True,True,False
















